,PDB_ID,distance,interaction_label,key_atom_chain_id,key_atom_name,key_atom_number,key_atom_residue,target_atom_chain_id,target_atom_name,target_atom_number,target_atom_residue
142,2dor,3.3328795357768324,3.0,A,N1,4821.0,FMN,A,O,143.0,SER
34,2dor,3.504897288081349,-1.0,A,N1,4821.0,FMN,A,N3,4855.0,ORO
36,2dor,3.5137868461248467,-1.0,A,N1,4821.0,FMN,A,O4,4857.0,ORO
35,2dor,3.573665485184645,-1.0,A,N1,4821.0,FMN,A,C4,4856.0,ORO
2551,2dor,3.3651322410865214,3.0,B,N1,4863.0,FMN,B,O,2553.0,SER
76,2dor,3.4716337652465588,-1.0,B,N1,4863.0,FMN,B,N3,4897.0,ORO
78,2dor,3.4868571809008766,-1.0,B,N1,4863.0,FMN,B,O4,4899.0,ORO
77,2dor,3.537727801852483,-1.0,B,N1,4863.0,FMN,B,C4,4898.0,ORO
35,2dor,3.7590947048458396,-1.0,A,C2,4822.0,FMN,A,C4,4856.0,ORO
143,2dor,3.7876655079349333,4.0,A,C2,4822.0,FMN,A,CB,144.0,SER
77,2dor,3.74668293294215,-1.0,B,C2,4864.0,FMN,B,C4,4898.0,ORO
2552,2dor,3.7624987707639184,4.0,B,C2,4864.0,FMN,B,CB,2554.0,SER
36,2dor,3.5295353801881655,-1.0,A,N3,4824.0,FMN,A,O4,4857.0,ORO
143,2dor,3.6462553393858737,4.0,A,N3,4824.0,FMN,A,CB,144.0,SER
35,2dor,3.7718734072076217,-1.0,A,N3,4824.0,FMN,A,C4,4856.0,ORO
329,2dor,3.867587620209786,4.0,A,N3,4824.0,FMN,A,CB,330.0,SER
78,2dor,3.5245938773140937,-1.0,B,N3,4866.0,FMN,B,O4,4899.0,ORO
2552,2dor,3.6234515313441134,4.0,B,N3,4866.0,FMN,B,CB,2554.0,SER
77,2dor,3.761974614481069,-1.0,B,N3,4866.0,FMN,B,C4,4898.0,ORO
2738,2dor,3.8475125730788715,4.0,B,N3,4866.0,FMN,B,CB,2740.0,SER
141,2dor,3.661192292136537,1.0,A,C4,4825.0,FMN,A,C,142.0,SER
35,2dor,3.696898835510653,-1.0,A,C4,4825.0,FMN,A,C4,4856.0,ORO
146,2dor,3.837862165320689,4.0,A,C4,4825.0,FMN,A,CA,147.0,GLY
145,2dor,3.9183471005004122,2.0,A,C4,4825.0,FMN,A,N,146.0,GLY
77,2dor,3.6613960452264633,-1.0,B,C4,4867.0,FMN,B,C4,4898.0,ORO
2550,2dor,3.6820040738706417,1.0,B,C4,4867.0,FMN,B,C,2552.0,SER
2733,2dor,3.7225070852853985,11.0,B,C4,4867.0,FMN,B,NZ,2735.0,LYS
2555,2dor,3.8695181870615367,4.0,B,C4,4867.0,FMN,B,CA,2557.0,GLY
